{
	"rules": {
		"align": false,
		"ban": [],
		"class-name": true,
		"comment-format": [ true, "check-space" ],
		"curly": true,
		"eofline": true,
		"forin": false,
		"indent": [ true, "tabs" ],
		"interface-name": [ true, "never-prefix" ],
		"jsdoc-format": true,
		"label-position": true,
		"max-line-length": 120,
		"member-access": false,
		"member-ordering": false,
		"no-any": false,
		"no-arg": true,
		"no-bitwise": false,
		"no-consecutive-blank-lines": true,
		"no-console": false,
		"no-construct": false,
		"no-debugger": true,
		"no-duplicate-variable": true,
		"no-empty": false,
		"no-eval": true,
		"no-inferrable-types": [ true, "ignore-params" ],
		"no-shadowed-variable": false,
		"no-string-literal": false,
		"no-switch-case-fall-through": false,
		"no-trailing-whitespace": true,
		"no-unused-expression": false,
		"no-use-before-declare": false,
		"no-var-keyword": true,
		"no-var-requires": false,
		"object-literal-sort-keys": false,
		"one-line": [ true, "check-open-brace", "check-whitespace" ],
		"quotemark": [ true, "single" ],
		"radix": true,
		"semicolon": [ true, "always" ],
		"trailing-comma": [ true, {
			"multiline": "never",
			"singleline": "never"
		} ],
		"triple-equals": [ true, "allow-null-check" ],
		"typedef": false,
		"typedef-whitespace": [ true, {
			"call-signature": "nospace",
			"index-signature": "nospace",
			"parameter": "nospace",
			"property-declaration": "nospace",
			"variable-declaration": "nospace"
		}, {
			"call-signature": "onespace",
			"index-signature": "onespace",
			"parameter": "onespace",
			"property-declaration": "onespace",
			"variable-declaration": "onespace"
		} ],
		"variable-name": [ true, "check-format", "allow-leading-underscore", "ban-keywords", "allow-pascal-case" ],
		"whitespace": [ true, "check-branch", "check-decl", "check-operator", "check-module", "check-separator", "check-type", "check-typecast" ]
	}
}
